,,A1,A2,A3,A4,A5,A6,A7,A8,A9,A10,A11,A12,B1,B2,B3,B4,B5,B6,B7,B8,B9,B10,B11,B12,C1,C2,C3,C4,C5,C6,C7,C8,C9,C10,C11,C12,D1,D2,D3,D4,D5,D6,D7,D8,D9,D10,D11,D12,E1,E2,E3,E4,E5,E6,E7,E8,E9,E10,E11,E12,F1,F2,F3,F4,F5,F6,F7,F8,F9,F10,F11,F12,G1,G2,G3,G4,G5,G6,G7,G8,G9,G10,G11,G12,H1,H2,H3,H4,H5,H6,H7,H8,H9,H10,H11,H12
0s,26.4 °C,0.0733,0.0735,0.0756,0.0729,0.0737,0.0729,0.0723,0.0729,0.0728,0.074,0.0729,0.0718,0.0777,0.0999,0.0982,0.1135,0.1146,0.1259,0.1049,0.0938,0.099,0.0913,0.0887,0.0805,0.0816,0.1011,0.0977,0.1048,0.1013,0.11,0.1023,0.0978,0.0975,0.0892,0.0945,0.0736,0.0787,0.0948,0.0954,0.1105,0.1031,0.1075,0.1006,0.1025,0.1012,0.0901,0.0952,0.0807,0.083,0.1045,0.1036,0.1097,0.108,0.0961,0.0943,0.105,0.098,0.0875,0.0984,0.0739,0.0786,0.1059,0.1038,0.1274,0.1129,0.0943,0.0973,0.0979,0.0966,0.0929,0.0987,0.079,0.0814,0.1105,0.1135,0.108,0.1045,0.0948,0.0955,0.0985,0.0976,0.0922,0.1029,0.0746,0.0782,0.0772,0.0829,0.0764,0.0774,0.0769,0.0756,0.079,0.0783,0.0774,0.0779,0.0733
900s,28.9 °C,0.072,0.073,0.0742,0.0726,0.0736,0.0726,0.0718,0.0731,0.0731,0.0731,0.0723,0.0718,0.0776,0.0973,0.0959,0.1076,0.1125,0.1077,0.1011,0.1007,0.1047,0.0994,0.1013,0.0775,0.0798,0.1,0.1001,0.0998,0.1049,0.1001,0.1024,0.1018,0.102,0.0985,0.0996,0.0735,0.0775,0.0974,0.0955,0.1037,0.1043,0.1015,0.0976,0.1027,0.1055,0.0959,0.0992,0.0751,0.0765,0.1049,0.105,0.1057,0.1059,0.0958,0.096,0.1052,0.106,0.095,0.0998,0.0732,0.0785,0.1036,0.1027,0.1044,0.1044,0.1001,0.0975,0.0996,0.099,0.0984,0.1,0.077,0.0765,0.1072,0.1058,0.1051,0.1054,0.0959,0.0963,0.1019,0.1026,0.099,0.1,0.0743,0.0777,0.0774,0.0827,0.0767,0.0774,0.0771,0.076,0.0804,0.0783,0.0774,0.0788,0.0826
1800s,29.0 °C,0.072,0.0731,0.0735,0.0723,0.0734,0.0724,0.0718,0.0729,0.073,0.073,0.0723,0.0714,0.0784,0.0981,0.0966,0.1092,0.1137,0.1035,0.103,0.1011,0.105,0.0993,0.1007,0.0777,0.0778,0.1008,0.101,0.1005,0.1043,0.1001,0.1011,0.1016,0.1022,0.0991,0.1004,0.0731,0.0781,0.0988,0.0973,0.1041,0.1036,0.103,0.0981,0.1022,0.106,0.0967,0.1002,0.0775,0.0766,0.1048,0.1054,0.1049,0.1054,0.0969,0.0961,0.1067,0.1071,0.0951,0.1,0.0734,0.0791,0.1042,0.1026,0.1053,0.1046,0.1012,0.0988,0.0989,0.0992,0.0978,0.1006,0.0776,0.0762,0.105,0.1065,0.1056,0.1054,0.098,0.0974,0.1018,0.102,0.1003,0.0997,0.074,0.0782,0.0777,0.0825,0.0764,0.0781,0.0773,0.0765,0.081,0.0786,0.0779,0.0789,0.0741
2700s,29.1 °C,0.0718,0.0729,0.0736,0.0724,0.0733,0.0724,0.0718,0.073,0.0728,0.0731,0.0725,0.0715,0.0784,0.0982,0.0972,0.111,0.1153,0.1003,0.1014,0.1022,0.1059,0.0989,0.0996,0.076,0.0757,0.102,0.1023,0.0988,0.1031,0.099,0.102,0.1026,0.102,0.1001,0.1009,0.0728,0.0782,0.1004,0.0986,0.1035,0.1034,0.1049,0.0978,0.1043,0.1074,0.0976,0.1011,0.0747,0.0778,0.1053,0.1059,0.1043,0.1048,0.0957,0.0956,0.1081,0.1081,0.0946,0.0991,0.0736,0.0795,0.1047,0.1048,0.107,0.1053,0.1024,0.1,0.1006,0.1025,0.0972,0.1005,0.0758,0.0764,0.1058,0.1064,0.1064,0.1075,0.0999,0.099,0.1014,0.1017,0.1019,0.0996,0.0739,0.0784,0.077,0.0826,0.077,0.0781,0.078,0.0771,0.0811,0.0791,0.0782,0.0795,0.0836
3600s,29.0 °C,0.0718,0.073,0.0734,0.0726,0.0734,0.0725,0.0717,0.073,0.0729,0.0731,0.0724,0.0714,0.0787,0.0984,0.0973,0.1133,0.1171,0.1009,0.1004,0.1025,0.1064,0.0983,0.0992,0.0746,0.074,0.1038,0.1038,0.098,0.1026,0.0991,0.101,0.1015,0.1022,0.1008,0.1021,0.0731,0.0785,0.1019,0.0995,0.1035,0.1026,0.109,0.0978,0.1037,0.1075,0.0982,0.1017,0.076,0.0783,0.1061,0.1067,0.1029,0.1041,0.0959,0.0952,0.1092,0.1091,0.0947,0.1018,0.0737,0.0794,0.1048,0.1059,0.1084,0.1065,0.104,0.1016,0.0987,0.0991,0.0968,0.1,0.0784,0.0755,0.1061,0.1069,0.1072,0.1081,0.101,0.1,0.101,0.101,0.1033,0.0997,0.074,0.0787,0.0779,0.0828,0.0772,0.0781,0.0777,0.0765,0.0809,0.0786,0.078,0.0793,0.0799
4500s,29.1 °C,0.0719,0.0731,0.0735,0.0726,0.0732,0.0725,0.0718,0.0731,0.0729,0.073,0.0726,0.0713,0.0791,0.0987,0.0975,0.1158,0.119,0.0995,0.1011,0.1028,0.1068,0.0986,0.0989,0.0763,0.0815,0.1057,0.1057,0.0989,0.1038,0.0998,0.1015,0.1019,0.1035,0.1023,0.1035,0.0726,0.0787,0.1028,0.1024,0.1022,0.1023,0.1109,0.0987,0.1051,0.109,0.0983,0.1019,0.0756,0.0774,0.1061,0.1072,0.1037,0.1046,0.0959,0.0951,0.1105,0.1101,0.0952,0.1018,0.0731,0.0793,0.1051,0.1038,0.1098,0.1074,0.1053,0.1032,0.0987,0.1005,0.0973,0.1031,0.0775,0.0771,0.1069,0.108,0.1081,0.1089,0.102,0.1015,0.1011,0.1011,0.1056,0.1003,0.0744,0.0789,0.0779,0.0826,0.0771,0.0782,0.0775,0.0764,0.0807,0.0782,0.0779,0.0794,0.081
5400s,29.1 °C,0.0718,0.073,0.0815,0.0726,0.0732,0.0724,0.0717,0.0729,0.0727,0.0729,0.0723,0.0712,0.0787,0.0996,0.0985,0.1199,0.1233,0.1018,0.1025,0.1043,0.1079,0.0995,0.0993,0.0748,0.0759,0.1086,0.1083,0.1111,0.1046,0.1007,0.1032,0.1027,0.1042,0.1045,0.1058,0.0729,0.0786,0.1047,0.1045,0.1026,0.1024,0.1161,0.1005,0.1069,0.1111,0.099,0.1026,0.0785,0.0765,0.107,0.1083,0.1054,0.1056,0.0964,0.0959,0.113,0.1125,0.0964,0.1034,0.0731,0.0797,0.1064,0.1055,0.1122,0.1098,0.1075,0.1058,0.0998,0.0993,0.0983,0.1052,0.0779,0.0773,0.1092,0.1098,0.1092,0.1101,0.1045,0.1035,0.1015,0.1017,0.1083,0.1018,0.0745,0.0793,0.0781,0.0826,0.0769,0.0778,0.077,0.0768,0.0805,0.0783,0.078,0.0797,0.0749
6300s,29.1 °C,0.0718,0.073,0.0731,0.0724,0.073,0.0724,0.0717,0.073,0.0726,0.0731,0.0723,0.0714,0.079,0.1012,0.0994,0.1247,0.1277,0.1034,0.1045,0.106,0.1093,0.1002,0.1,0.0747,0.0768,0.1119,0.1116,0.101,0.1199,0.1027,0.106,0.1044,0.1057,0.1069,0.1081,0.0728,0.0788,0.1071,0.1064,0.1035,0.1029,0.1204,0.1027,0.1084,0.1134,0.0996,0.1029,0.076,0.077,0.108,0.1099,0.1051,0.1065,0.0972,0.0966,0.1166,0.1158,0.0978,0.103,0.073,0.0794,0.1078,0.1066,0.1153,0.112,0.1101,0.1082,0.101,0.1001,0.1001,0.1042,0.0758,0.078,0.1116,0.1115,0.1106,0.1117,0.1068,0.1061,0.1021,0.1022,0.112,0.1039,0.074,0.0794,0.0777,0.0825,0.0774,0.078,0.0775,0.0768,0.0808,0.0783,0.078,0.0795,0.081
7200s,29.0 °C,0.0718,0.0731,0.0735,0.0727,0.0731,0.0723,0.0718,0.073,0.0726,0.073,0.0723,0.0713,0.0792,0.102,0.1008,0.1316,0.1339,0.1048,0.1063,0.108,0.1105,0.1013,0.1013,0.0727,0.0764,0.1164,0.1158,0.1024,0.13,0.1056,0.1112,0.1062,0.107,0.1097,0.1115,0.0728,0.079,0.1092,0.1095,0.106,0.1055,0.1281,0.1058,0.1107,0.1167,0.1006,0.1038,0.0785,0.0764,0.1093,0.1113,0.1065,0.1072,0.0982,0.0976,0.1214,0.1204,0.0996,0.1052,0.0731,0.0794,0.109,0.1076,0.1192,0.1149,0.1137,0.1119,0.1027,0.1036,0.1016,0.1068,0.075,0.077,0.1153,0.1153,0.1137,0.1154,0.1098,0.109,0.1031,0.1033,0.1164,0.1065,0.0741,0.079,0.0784,0.083,0.0774,0.0781,0.0775,0.0765,0.0808,0.0782,0.0778,0.0793,0.0774
8100s,29.0 °C,0.072,0.0731,0.0734,0.0729,0.0734,0.0727,0.0719,0.0731,0.0729,0.0734,0.0727,0.0715,0.0797,0.1039,0.1027,0.1403,0.142,0.1068,0.1156,0.1096,0.1123,0.1031,0.1028,0.0788,0.0742,0.1212,0.1202,0.105,0.137,0.1078,0.1158,0.1092,0.111,0.1122,0.115,0.0732,0.0786,0.1119,0.1128,0.1098,0.1089,0.1337,0.1104,0.1136,0.1196,0.1026,0.1061,0.0778,0.0772,0.1105,0.1126,0.1086,0.1092,0.0997,0.0988,0.1279,0.127,0.1017,0.1077,0.0734,0.0794,0.1107,0.1101,0.1241,0.1187,0.1185,0.1163,0.1049,0.1036,0.1033,0.1096,0.0781,0.0761,0.1193,0.1195,0.118,0.1203,0.113,0.1125,0.1048,0.1048,0.1231,0.11,0.074,0.079,0.0777,0.0824,0.0776,0.0778,0.0772,0.0765,0.0807,0.0784,0.078,0.0795,0.0776
9000s,29.0 °C,0.0719,0.0731,0.0738,0.0729,0.0733,0.0727,0.0717,0.0731,0.073,0.0732,0.0722,0.0712,0.0794,0.107,0.1061,0.1482,0.1504,0.1089,0.1218,0.1117,0.1135,0.1048,0.1043,0.0762,0.0773,0.1263,0.1252,0.1078,0.1434,0.1121,0.1199,0.1114,0.1129,0.1158,0.117,0.0731,0.0788,0.1153,0.1164,0.1137,0.1126,0.1409,0.1147,0.1188,0.1242,0.1054,0.1086,0.0758,0.0766,0.1126,0.114,0.1115,0.1115,0.1012,0.1007,0.1351,0.1342,0.104,0.1108,0.0733,0.0793,0.1132,0.1123,0.1284,0.1221,0.123,0.1211,0.1074,0.1058,0.1065,0.1135,0.0783,0.0777,0.1251,0.1252,0.1226,0.1243,0.1164,0.1158,0.107,0.1071,0.1293,0.1134,0.0744,0.0788,0.0784,0.083,0.0772,0.0777,0.0775,0.0768,0.0802,0.0781,0.078,0.0795,0.0741
9900s,28.9 °C,0.0719,0.0731,0.0741,0.0728,0.0731,0.0725,0.0717,0.0729,0.0729,0.0732,0.0725,0.0713,0.0794,0.1111,0.1099,0.1591,0.1598,0.1124,0.1292,0.1138,0.1153,0.1074,0.1066,0.0755,0.0744,0.1336,0.1314,0.1109,0.146,0.1228,0.1264,0.1137,0.1336,0.1175,0.1212,0.0731,0.0785,0.1189,0.121,0.1182,0.1175,0.1525,0.1196,0.1249,0.1303,0.1098,0.1131,0.0776,0.0751,0.1144,0.1163,0.1129,0.1152,0.1038,0.1032,0.1433,0.1426,0.1069,0.1151,0.0734,0.0795,0.117,0.1156,0.1356,0.1286,0.1287,0.1271,0.1098,0.1079,0.1104,0.1194,0.0834,0.0764,0.132,0.1317,0.1282,0.1307,0.121,0.1206,0.1114,0.1109,0.1389,0.1186,0.0741,0.079,0.0781,0.083,0.0767,0.0775,0.0773,0.0763,0.08,0.0779,0.0784,0.0796,0.0821
10800s,29.0 °C,0.0719,0.0731,0.0741,0.0729,0.0731,0.0723,0.0717,0.0727,0.0727,0.073,0.0724,0.0713,0.0787,0.1162,0.115,0.1691,0.1709,0.1168,0.1428,0.1158,0.1173,0.1104,0.1091,0.0741,0.0757,0.1403,0.1383,0.1151,0.1501,0.1325,0.1315,0.1179,0.1402,0.1206,0.127,0.0728,0.0784,0.1237,0.1265,0.1232,0.1229,0.1624,0.1301,0.1307,0.1375,0.1156,0.1185,0.0769,0.0745,0.1168,0.118,0.1192,0.1197,0.107,0.1061,0.1545,0.153,0.1101,0.1204,0.0732,0.0791,0.1204,0.1212,0.141,0.1347,0.1361,0.1342,0.1128,0.1115,0.1164,0.1275,0.0772,0.0771,0.1373,0.1361,0.1376,0.1401,0.1265,0.1259,0.118,0.117,0.1503,0.1266,0.074,0.079,0.0777,0.0823,0.0769,0.0775,0.0774,0.0768,0.0806,0.0777,0.0779,0.0798,0.0736
11700s,29.0 °C,0.0719,0.0732,0.0744,0.0729,0.0732,0.0725,0.0717,0.0728,0.0727,0.0731,0.0723,0.0712,0.0794,0.1219,0.1212,0.1821,0.1835,0.1209,0.1495,0.1181,0.1193,0.1144,0.1127,0.0743,0.0765,0.1493,0.1467,0.1206,0.1523,0.144,0.1397,0.1221,0.1272,0.1584,0.13,0.0732,0.0786,0.1297,0.1326,0.1309,0.1302,0.1735,0.1373,0.1374,0.1443,0.1231,0.1264,0.0772,0.0781,0.1184,0.1205,0.1276,0.1257,0.111,0.1099,0.1696,0.1681,0.1136,0.1276,0.0733,0.0797,0.1254,0.1233,0.1518,0.1426,0.1442,0.1434,0.1175,0.1172,0.1242,0.1353,0.0749,0.0764,0.1453,0.1465,0.1465,0.1494,0.1337,0.1333,0.1251,0.1233,0.1639,0.1348,0.0738,0.0786,0.0779,0.0827,0.0769,0.0775,0.0769,0.0764,0.08,0.0779,0.0778,0.0796,0.0762
12600s,29.1 °C,0.0719,0.0731,0.0736,0.0731,0.0731,0.0726,0.0718,0.073,0.0731,0.0731,0.0725,0.0714,0.079,0.1286,0.1274,0.1895,0.1943,0.1275,0.1681,0.1203,0.122,0.1197,0.1193,0.0752,0.0748,0.158,0.1552,0.1271,0.1508,0.1554,0.148,0.1294,0.1324,0.1524,0.1402,0.0726,0.0789,0.136,0.1388,0.1385,0.1374,0.1808,0.1463,0.1444,0.1526,0.1323,0.1353,0.0761,0.0749,0.1208,0.1222,0.1391,0.137,0.1155,0.1144,0.1844,0.1825,0.1187,0.1378,0.0732,0.0795,0.1337,0.1302,0.1668,0.1528,0.1543,0.1527,0.1228,0.1236,0.1387,0.1405,0.0772,0.0763,0.1448,0.1478,0.1577,0.1603,0.1414,0.1405,0.1341,0.1307,0.1796,0.1405,0.074,0.0794,0.0779,0.0831,0.0774,0.0778,0.0774,0.0768,0.0799,0.0779,0.0784,0.0799,0.0793
13500s,29.1 °C,0.0721,0.0732,0.0736,0.073,0.0736,0.0728,0.0719,0.0731,0.073,0.0733,0.0725,0.0713,0.0794,0.1386,0.1369,0.2035,0.207,0.1386,0.1729,0.1237,0.1246,0.1269,0.1268,0.073,0.0775,0.1689,0.1652,0.1368,0.1576,0.1705,0.1627,0.1368,0.1523,0.1559,0.1445,0.0729,0.0787,0.143,0.1465,0.1477,0.1458,0.1944,0.1572,0.1538,0.1622,0.1437,0.1457,0.0788,0.0766,0.1238,0.1252,0.1512,0.1479,0.1216,0.1207,0.2005,0.1976,0.1234,0.1456,0.0732,0.0799,0.1436,0.1412,0.1707,0.1622,0.1646,0.1644,0.1329,0.1326,0.1547,0.1492,0.0772,0.0758,0.152,0.1545,0.1669,0.1697,0.1492,0.148,0.1436,0.1392,0.1941,0.148,0.0741,0.0789,0.0779,0.0826,0.0766,0.0774,0.0772,0.0767,0.0803,0.0779,0.0785,0.0799,0.0757
14400s,29.2 °C,0.072,0.0732,0.0738,0.0729,0.073,0.0722,0.0718,0.0729,0.0728,0.073,0.0724,0.0712,0.0794,0.1523,0.1507,0.2212,0.2227,0.1464,0.1806,0.1277,0.1281,0.142,0.1406,0.0752,0.0797,0.1792,0.1767,0.1489,0.1627,0.1932,0.1618,0.1481,0.1494,0.2187,0.1605,0.0731,0.0787,0.1495,0.1556,0.1539,0.1529,0.2112,0.1684,0.163,0.1717,0.1591,0.16,0.0801,0.0754,0.1288,0.13,0.1647,0.1608,0.1294,0.1283,0.2192,0.2168,0.1325,0.1578,0.0732,0.0789,0.156,0.1499,0.1833,0.1717,0.1759,0.1764,0.1432,0.1417,0.171,0.1582,0.0749,0.078,0.1554,0.1624,0.1774,0.1805,0.1582,0.157,0.1522,0.1479,0.2105,0.159,0.0741,0.0825,0.0779,0.0826,0.0768,0.0779,0.0772,0.0771,0.08,0.0781,0.0783,0.0796,0.0804
15300s,29.1 °C,0.072,0.0732,0.0829,0.073,0.073,0.0726,0.0718,0.073,0.0729,0.073,0.0724,0.0712,0.0793,0.1607,0.1595,0.2362,0.2369,0.1537,0.1903,0.1323,0.1322,0.1569,0.1549,0.0748,0.0747,0.1909,0.1873,0.1613,0.1694,0.2162,0.1742,0.1604,0.1607,0.2005,0.1714,0.0729,0.0785,0.158,0.1648,0.1605,0.1587,0.2257,0.1796,0.1687,0.1765,0.1778,0.1764,0.0768,0.0769,0.1325,0.134,0.1776,0.1759,0.1404,0.1392,0.2389,0.2352,0.1412,0.1602,0.0733,0.0793,0.1632,0.1605,0.2023,0.1885,0.1893,0.1901,0.154,0.1527,0.1948,0.1655,0.0752,0.0779,0.1586,0.1601,0.1911,0.1933,0.1699,0.1677,0.1629,0.1594,0.2305,0.1642,0.0738,0.0793,0.078,0.0827,0.0768,0.0781,0.0772,0.0767,0.0803,0.0782,0.0784,0.0796,0.0828
16200s,29.1 °C,0.0719,0.0732,0.074,0.0729,0.0731,0.0723,0.0718,0.0727,0.0728,0.073,0.0725,0.0713,0.0791,0.1713,0.1703,0.2505,0.2498,0.1658,0.2138,0.1383,0.1375,0.172,0.1729,0.0725,0.0791,0.2042,0.2011,0.1767,0.1895,0.2352,0.2025,0.1758,0.1752,0.2019,0.194,0.0727,0.0787,0.167,0.1746,0.166,0.1625,0.2445,0.2046,0.1766,0.1845,0.1936,0.1901,0.0719,0.0782,0.1379,0.1383,0.1984,0.1968,0.153,0.1521,0.2616,0.2549,0.1558,0.1807,0.0732,0.0792,0.1814,0.1771,0.2196,0.208,0.2049,0.2057,0.1642,0.1608,0.2203,0.1846,0.075,0.0766,0.1624,0.1613,0.206,0.2072,0.1803,0.1795,0.1728,0.1697,0.25,0.1805,0.074,0.0791,0.0778,0.082,0.0765,0.0775,0.0771,0.0768,0.0802,0.0782,0.0781,0.0797,0.0814
17100s,29.2 °C,0.072,0.0733,0.0743,0.0729,0.0735,0.0726,0.0718,0.0728,0.0726,0.0731,0.0724,0.0713,0.079,0.1843,0.1837,0.2608,0.2624,0.1785,0.2342,0.1451,0.1439,0.1964,0.1917,0.0731,0.0749,0.2193,0.2152,0.1985,0.2114,0.2475,0.2199,0.1951,0.1945,0.1961,0.208,0.0728,0.0783,0.1765,0.1857,0.171,0.1686,0.2605,0.2253,0.1878,0.1972,0.2116,0.2082,0.0779,0.0771,0.1436,0.1443,0.2259,0.2222,0.1685,0.1681,0.2863,0.2776,0.1699,0.2025,0.0731,0.079,0.1975,0.1982,0.2382,0.2276,0.2196,0.2219,0.1801,0.173,0.2443,0.2111,0.0777,0.0813,0.1685,0.1652,0.2191,0.2209,0.1902,0.1889,0.1823,0.1797,0.2731,0.2032,0.074,0.0788,0.0777,0.0822,0.0772,0.0777,0.0774,0.0767,0.08,0.0784,0.0786,0.0796,0.0799
18000s,28.9 °C,0.0721,0.0732,0.0737,0.0732,0.0735,0.0727,0.0719,0.0731,0.073,0.0733,0.0726,0.0715,0.0793,0.1961,0.1947,0.2733,0.2756,0.1963,0.2574,0.1539,0.1521,0.2196,0.2124,0.0759,0.0771,0.2321,0.2293,0.2192,0.2325,0.2614,0.2478,0.2194,0.2137,0.2192,0.2299,0.0728,0.0786,0.1881,0.1991,0.1791,0.1759,0.2719,0.2463,0.1967,0.2043,0.2342,0.2295,0.075,0.0761,0.1497,0.1499,0.2479,0.2422,0.1881,0.1872,0.3144,0.2999,0.1913,0.228,0.0732,0.0795,0.2172,0.2191,0.2601,0.2429,0.2359,0.2412,0.2068,0.2018,0.2894,0.2297,0.0786,0.078,0.1897,0.1753,0.2345,0.2334,0.2046,0.2028,0.1939,0.1912,0.3029,0.2343,0.0743,0.0798,0.0778,0.0821,0.0766,0.0773,0.0768,0.0798,0.0796,0.0774,0.0779,0.0791,0.0755
18900s,29.0 °C,0.072,0.0733,0.0739,0.073,0.0732,0.0726,0.0719,0.073,0.0729,0.0731,0.0724,0.0713,0.079,0.2094,0.2076,0.2891,0.2888,0.2142,0.2764,0.1644,0.1616,0.2527,0.2497,0.0762,0.0775,0.2474,0.244,0.2373,0.2479,0.2763,0.266,0.2418,0.2394,0.2481,0.2581,0.0728,0.0786,0.2005,0.2127,0.1882,0.1832,0.2813,0.2657,0.2064,0.2162,0.2589,0.2507,0.0772,0.0759,0.1559,0.1565,0.2688,0.2619,0.207,0.2059,0.3371,0.3244,0.2104,0.2623,0.0732,0.0791,0.2294,0.2303,0.274,0.2565,0.2548,0.2628,0.225,0.2325,0.325,0.2604,0.0817,0.0779,0.2059,0.1875,0.2511,0.2446,0.2197,0.218,0.2081,0.205,0.3279,0.2656,0.0743,0.0795,0.078,0.0828,0.077,0.0779,0.0768,0.0764,0.08,0.0779,0.0781,0.0795,0.0803
19800s,28.9 °C,0.0721,0.0734,0.0737,0.0733,0.0734,0.0728,0.0721,0.0732,0.0731,0.0732,0.0726,0.0716,0.0791,0.2237,0.222,0.29,0.2921,0.2257,0.2989,0.1755,0.1727,0.2902,0.2848,0.0777,0.0793,0.2559,0.2521,0.2541,0.2716,0.2805,0.2957,0.2731,0.2687,0.2921,0.2876,0.0727,0.0784,0.2141,0.2257,0.1976,0.1948,0.286,0.2912,0.2112,0.223,0.284,0.2713,0.0719,0.0786,0.1624,0.1628,0.2781,0.2746,0.2266,0.2265,0.3538,0.3403,0.2293,0.3,0.0733,0.0791,0.2424,0.2423,0.2917,0.281,0.276,0.2865,0.25,0.2459,0.3454,0.3023,0.0777,0.0779,0.2118,0.2057,0.2592,0.2526,0.2346,0.233,0.2174,0.2152,0.3476,0.3032,0.0741,0.0788,0.0785,0.0823,0.0769,0.0782,0.0775,0.0767,0.0801,0.0785,0.0788,0.0796,0.0831
20700s,29.0 °C,0.0722,0.0733,0.0735,0.0732,0.0733,0.0725,0.072,0.073,0.0729,0.0734,0.0725,0.0714,0.0792,0.237,0.2337,0.2948,0.2935,0.2399,0.3031,0.1893,0.1831,0.319,0.3132,0.0757,0.0766,0.2748,0.2665,0.2755,0.2904,0.2913,0.3052,0.3035,0.2965,0.3333,0.3156,0.0726,0.0789,0.2251,0.2405,0.2149,0.2221,0.2958,0.2997,0.2325,0.2386,0.3114,0.314,0.0746,0.0767,0.1738,0.1738,0.2947,0.288,0.2501,0.2507,0.3619,0.3619,0.2532,0.3277,0.0731,0.0791,0.2661,0.2605,0.3025,0.2931,0.2985,0.3089,0.2805,0.2865,0.3716,0.3311,0.0753,0.0766,0.207,0.207,0.2724,0.2627,0.2528,0.2517,0.2356,0.229,0.3829,0.3306,0.074,0.0791,0.0777,0.0823,0.0765,0.0775,0.0767,0.0763,0.0798,0.078,0.078,0.0794,0.08
21600s,29.1 °C,0.0723,0.0734,0.0738,0.0732,0.0736,0.0726,0.072,0.073,0.0731,0.0734,0.0725,0.0714,0.0792,0.2519,0.2523,0.2974,0.2989,0.251,0.3139,0.2027,0.1982,0.3502,0.3395,0.0765,0.0772,0.2765,0.2689,0.2817,0.2978,0.2971,0.3137,0.3239,0.3192,0.3617,0.3403,0.0727,0.0786,0.2373,0.2496,0.2307,0.2339,0.3006,0.3106,0.2401,0.2417,0.332,0.3162,0.079,0.0754,0.1862,0.1841,0.2996,0.2971,0.2706,0.2741,0.3771,0.3813,0.2788,0.3507,0.0732,0.0786,0.2741,0.2746,0.3066,0.3023,0.3219,0.3266,0.3118,0.3105,0.3777,0.3591,0.0783,0.0773,0.2168,0.21,0.2748,0.2699,0.2692,0.2673,0.2555,0.2573,0.3942,0.3526,0.0741,0.0845,0.0781,0.0827,0.0767,0.0781,0.0771,0.0807,0.0802,0.0785,0.0786,0.0796,0.0781
22500s,29.2 °C,0.0721,0.0735,0.0739,0.0732,0.0733,0.0727,0.0722,0.0731,0.0732,0.0735,0.0725,0.0714,0.0786,0.2574,0.2577,0.2993,0.3013,0.2628,0.3161,0.2176,0.2134,0.3686,0.3604,0.077,0.077,0.2818,0.2756,0.2948,0.3148,0.3027,0.3163,0.3428,0.3409,0.3858,0.3613,0.0726,0.0784,0.2457,0.2587,0.246,0.2486,0.3045,0.3152,0.2688,0.2553,0.3543,0.34,0.0756,0.078,0.199,0.1967,0.3066,0.3057,0.287,0.2957,0.3942,0.3986,0.3058,0.367,0.0731,0.0788,0.2848,0.2829,0.3087,0.3067,0.3373,0.3453,0.3305,0.3307,0.3952,0.3771,0.0777,0.0789,0.2256,0.2211,0.2787,0.2767,0.2874,0.2853,0.2705,0.2722,0.4122,0.3681,0.0743,0.0816,0.0779,0.0829,0.0778,0.0781,0.0777,0.0768,0.0801,0.0788,0.0785,0.0796,0.0757
23401s,28.9 °C,0.072,0.0736,0.0742,0.0733,0.0735,0.0727,0.0722,0.073,0.0731,0.0732,0.0725,0.0714,0.0787,0.2662,0.2654,0.3002,0.3031,0.274,0.3173,0.238,0.2321,0.3802,0.3685,0.0771,0.0771,0.2841,0.28,0.2945,0.3178,0.3098,0.3177,0.3466,0.3499,0.4025,0.3807,0.0726,0.0786,0.2541,0.2657,0.2629,0.2641,0.3123,0.319,0.2745,0.2866,0.3727,0.3634,0.0789,0.0773,0.2144,0.2088,0.3108,0.3107,0.3078,0.3163,0.4088,0.408,0.3284,0.3894,0.0731,0.0796,0.2836,0.2872,0.3126,0.3083,0.3518,0.3461,0.3533,0.347,0.4104,0.3951,0.0815,0.0783,0.2428,0.2356,0.2825,0.2798,0.3058,0.3034,0.2969,0.3025,0.4143,0.3919,0.0741,0.0788,0.0781,0.0823,0.0775,0.0785,0.0776,0.0773,0.0801,0.0793,0.0787,0.0802,0.0802
24301s,29.0 °C,0.0721,0.0735,0.0737,0.0734,0.0736,0.0725,0.0721,0.073,0.073,0.0734,0.0727,0.0714,0.0789,0.2724,0.2724,0.3025,0.3059,0.2762,0.3162,0.2567,0.2504,0.3711,0.3924,0.0772,0.0759,0.2882,0.2826,0.291,0.3125,0.3159,0.3162,0.3666,0.3619,0.4164,0.4015,0.0727,0.0787,0.2591,0.2708,0.2827,0.2856,0.3141,0.3187,0.3099,0.2976,0.3892,0.3726,0.0761,0.0768,0.225,0.2224,0.3165,0.3172,0.3295,0.3358,0.4246,0.419,0.3519,0.4022,0.0732,0.0791,0.2753,0.2795,0.3162,0.3131,0.3674,0.3646,0.3681,0.3583,0.4232,0.4071,0.0805,0.0783,0.2542,0.2538,0.284,0.2849,0.3236,0.3189,0.3276,0.3257,0.4308,0.4083,0.0739,0.0788,0.0783,0.0827,0.0768,0.0779,0.0767,0.0762,0.0801,0.0783,0.0785,0.0797,0.075
25201s,29.2 °C,0.0722,0.0738,0.0742,0.0733,0.0733,0.0726,0.0721,0.0729,0.0731,0.0732,0.0725,0.0714,0.0789,0.2731,0.2755,0.309,0.3112,0.2718,0.3216,0.2799,0.2737,0.3918,0.4104,0.0759,0.0739,0.2925,0.286,0.2878,0.3124,0.3246,0.3196,0.3885,0.3736,0.4341,0.4193,0.0727,0.0786,0.2645,0.2765,0.2909,0.2933,0.3262,0.3208,0.3285,0.3138,0.3977,0.3757,0.081,0.0773,0.2347,0.2317,0.3202,0.3224,0.3447,0.3529,0.4262,0.4353,0.3644,0.435,0.073,0.0791,0.2766,0.279,0.3179,0.3148,0.3727,0.3738,0.3801,0.3755,0.4347,0.4388,0.0777,0.0769,0.2797,0.2725,0.2876,0.287,0.3374,0.3331,0.3495,0.3475,0.4472,0.4333,0.0742,0.0789,0.0779,0.0826,0.0773,0.0781,0.0773,0.0768,0.08,0.0789,0.079,0.08,0.0745
26101s,29.1 °C,0.0722,0.0738,0.074,0.0733,0.0733,0.0726,0.072,0.073,0.0731,0.0733,0.0727,0.0715,0.0791,0.2751,0.2781,0.3203,0.3238,0.2699,0.331,0.2927,0.2968,0.4302,0.431,0.0746,0.0765,0.2948,0.2916,0.2949,0.3196,0.3355,0.3262,0.405,0.3989,0.4481,0.4354,0.0726,0.0786,0.269,0.2794,0.3054,0.3088,0.3328,0.3299,0.3443,0.3373,0.4078,0.4111,0.0791,0.0768,0.2508,0.2467,0.327,0.3288,0.3655,0.3692,0.4406,0.4349,0.3771,0.441,0.0736,0.079,0.2837,0.2857,0.32,0.3162,0.4025,0.3926,0.4158,0.4126,0.4475,0.4434,0.0764,0.0816,0.2905,0.2852,0.2903,0.2896,0.349,0.3475,0.375,0.3706,0.4577,0.4483,0.0742,0.0792,0.0784,0.0832,0.0773,0.0787,0.0775,0.0772,0.0808,0.0792,0.0793,0.0799,0.0812
27001s,29.0 °C,0.0724,0.0739,0.0737,0.0734,0.0733,0.0726,0.0721,0.073,0.0731,0.0734,0.0726,0.0714,0.0791,0.2757,0.2791,0.3293,0.3353,0.2749,0.3367,0.3119,0.3201,0.4329,0.4471,0.0765,0.0746,0.304,0.2981,0.3042,0.33,0.343,0.3323,0.4151,0.4102,0.4621,0.4468,0.0727,0.0788,0.2744,0.2839,0.3122,0.3152,0.34,0.3355,0.3712,0.3755,0.409,0.393,0.0781,0.077,0.2537,0.2556,0.3379,0.338,0.3712,0.3603,0.4477,0.4375,0.3854,0.4602,0.0733,0.0796,0.2908,0.2924,0.3268,0.3222,0.4026,0.4138,0.4261,0.427,0.4595,0.4635,0.0796,0.0779,0.303,0.2971,0.2942,0.2948,0.3609,0.359,0.3842,0.3824,0.4739,0.4599,0.0745,0.0787,0.0783,0.0828,0.077,0.0781,0.0771,0.0765,0.0802,0.0788,0.0782,0.0799,0.0809
27901s,28.9 °C,0.0724,0.0736,0.0738,0.0735,0.0738,0.0728,0.0722,0.0731,0.0731,0.0734,0.0728,0.0716,0.0792,0.2756,0.2801,0.3374,0.3444,0.2847,0.3466,0.3203,0.3381,0.4511,0.4545,0.0744,0.0772,0.3085,0.3027,0.3126,0.3402,0.3512,0.3396,0.4255,0.4224,0.4565,0.4531,0.0727,0.0786,0.2806,0.2877,0.318,0.3211,0.3471,0.3433,0.3856,0.3955,0.4212,0.3979,0.0788,0.0762,0.2602,0.2603,0.3465,0.3451,0.3629,0.3834,0.4545,0.4455,0.4051,0.465,0.0731,0.0794,0.2996,0.3017,0.3344,0.3319,0.4227,0.4154,0.4401,0.4402,0.4894,0.4731,0.076,0.0804,0.3065,0.3015,0.2985,0.3007,0.3744,0.3765,0.3953,0.3956,0.48,0.4658,0.0741,0.0791,0.0784,0.0832,0.0774,0.0784,0.0777,0.0769,0.0803,0.079,0.0796,0.0798,0.0854
28801s,29.0 °C,0.0724,0.0737,0.0738,0.0735,0.0737,0.0727,0.0721,0.0732,0.0731,0.0735,0.0727,0.0715,0.0792,0.2774,0.2825,0.3476,0.3539,0.2982,0.3531,0.3065,0.3512,0.4623,0.4655,0.0755,0.0763,0.314,0.3082,0.3205,0.3504,0.3587,0.3438,0.4347,0.4225,0.4692,0.4619,0.0725,0.079,0.2893,0.2948,0.3237,0.3269,0.3527,0.3487,0.4052,0.4187,0.4224,0.4111,0.0721,0.077,0.2658,0.2661,0.355,0.3553,0.3686,0.3945,0.4687,0.4567,0.4171,0.4722,0.0731,0.0797,0.3091,0.312,0.3417,0.3407,0.4324,0.432,0.4583,0.4544,0.5021,0.4823,0.0763,0.0793,0.3098,0.3053,0.3056,0.3087,0.3851,0.385,0.4026,0.4042,0.4916,0.4755,0.0742,0.0952,0.0781,0.0832,0.0774,0.0782,0.0772,0.0767,0.0801,0.0782,0.0785,0.0798,0.0801
29701s,29.2 °C,0.0726,0.0736,0.0739,0.0733,0.0739,0.0727,0.0723,0.0732,0.0731,0.0735,0.0729,0.0715,0.0789,0.2774,0.2805,0.3573,0.3605,0.3041,0.3592,0.3256,0.358,0.4766,0.4723,0.0784,0.0764,0.3206,0.3163,0.3302,0.3593,0.3674,0.3526,0.4309,0.42,0.4646,0.4674,0.0728,0.0789,0.2967,0.3006,0.3344,0.3331,0.3629,0.3541,0.4168,0.42,0.4211,0.4211,0.0789,0.0771,0.2699,0.2691,0.3637,0.3656,0.3941,0.4003,0.4724,0.4693,0.429,0.4789,0.0732,0.0798,0.3167,0.3194,0.3491,0.3491,0.4378,0.4473,0.4655,0.4638,0.5233,0.4862,0.0801,0.0819,0.3109,0.3073,0.3115,0.3161,0.3921,0.3927,0.4324,0.4352,0.5174,0.4805,0.0749,0.0791,0.0786,0.0831,0.0778,0.0784,0.0779,0.0774,0.0805,0.0794,0.0789,0.0804,0.0764
30601s,29.0 °C,0.0725,0.0736,0.0742,0.0733,0.0735,0.0727,0.072,0.0729,0.073,0.0733,0.0725,0.0715,0.079,0.2805,0.2837,0.3657,0.3686,0.3127,0.3678,0.3691,0.3829,0.4844,0.4834,0.076,0.0763,0.3287,0.3206,0.3392,0.3662,0.3749,0.3619,0.4348,0.426,0.4634,0.469,0.0726,0.0791,0.3053,0.3119,0.3381,0.3403,0.3736,0.3653,0.4471,0.4577,0.4213,0.4332,0.075,0.0767,0.2709,0.2713,0.372,0.3704,0.3887,0.3952,0.4821,0.474,0.4403,0.4875,0.0732,0.0792,0.3249,0.3279,0.3576,0.3607,0.4526,0.4573,0.468,0.4749,0.5427,0.4977,0.0758,0.0813,0.3156,0.3113,0.3183,0.327,0.3984,0.3987,0.4429,0.448,0.5283,0.4926,0.0743,0.079,0.0784,0.0826,0.0775,0.0787,0.0774,0.0772,0.081,0.079,0.0789,0.0803,0.0793
31501s,29.1 °C,0.0724,0.0737,0.0738,0.0732,0.0736,0.0727,0.0722,0.0731,0.0731,0.0734,0.0728,0.0715,0.0789,0.2813,0.2843,0.3753,0.3798,0.3199,0.3793,0.3885,0.3959,0.499,0.4947,0.0768,0.0777,0.3352,0.3281,0.352,0.3753,0.3847,0.3713,0.4464,0.4344,0.4754,0.4839,0.0726,0.0793,0.3134,0.3204,0.3467,0.3496,0.3822,0.374,0.4589,0.4669,0.4215,0.4228,0.0788,0.0753,0.2752,0.2741,0.3777,0.3788,0.4016,0.4122,0.4968,0.4885,0.4347,0.5054,0.073,0.0792,0.3342,0.3371,0.3689,0.3705,0.4606,0.4629,0.4706,0.4772,0.553,0.5114,0.0808,0.0756,0.3223,0.3169,0.3268,0.3302,0.4057,0.4062,0.4577,0.4606,0.5505,0.5039,0.0748,0.0789,0.0786,0.0838,0.0781,0.0788,0.0781,0.0776,0.0821,0.0791,0.0791,0.0802,0.0813
32401s,29.2 °C,0.0725,0.0736,0.0741,0.0734,0.0737,0.0727,0.0723,0.0729,0.0732,0.0734,0.073,0.0714,0.0793,0.2859,0.2867,0.3855,0.3879,0.3342,0.3915,0.3965,0.4067,0.5131,0.508,0.0782,0.0775,0.3401,0.3447,0.3648,0.385,0.39,0.3819,0.4591,0.4479,0.4906,0.4979,0.0727,0.079,0.323,0.3282,0.3557,0.3605,0.3949,0.3856,0.4764,0.4817,0.4272,0.4348,0.0766,0.0761,0.2772,0.2766,0.3858,0.3872,0.4037,0.4149,0.5101,0.5088,0.4367,0.515,0.0733,0.0806,0.3422,0.3451,0.3807,0.3796,0.4659,0.4684,0.4851,0.4827,0.5724,0.5216,0.0791,0.0797,0.3271,0.3214,0.3332,0.3375,0.4132,0.4152,0.4731,0.4775,0.5676,0.5128,0.0745,0.079,0.0788,0.0826,0.0779,0.0784,0.0779,0.0774,0.0813,0.0799,0.0791,0.0808,0.0769
33301s,29.0 °C,0.0726,0.0737,0.0741,0.0734,0.0736,0.0726,0.0722,0.0731,0.0732,0.0735,0.0728,0.0713,0.0794,0.2884,0.291,0.3952,0.3958,0.3356,0.4041,0.4099,0.4166,0.521,0.5223,0.0768,0.0776,0.3456,0.3441,0.3738,0.3943,0.3923,0.3951,0.4728,0.4664,0.5038,0.5142,0.0727,0.0797,0.3337,0.3343,0.3682,0.37,0.4057,0.3981,0.4857,0.4933,0.4317,0.4476,0.0812,0.0767,0.2825,0.2803,0.3942,0.3954,0.4061,0.4158,0.5305,0.544,0.4476,0.5418,0.0732,0.0795,0.3502,0.3522,0.3908,0.3933,0.4771,0.4798,0.5077,0.5047,0.5869,0.5267,0.0806,0.0791,0.3323,0.3264,0.3435,0.3468,0.4211,0.4221,0.4803,0.4848,0.5809,0.5322,0.0744,0.0787,0.0783,0.083,0.0769,0.0783,0.0775,0.0774,0.0807,0.079,0.079,0.08,0.0748
34201s,28.9 °C,0.0725,0.0737,0.074,0.0734,0.0735,0.0727,0.072,0.0731,0.073,0.0734,0.0726,0.0713,0.0794,0.2907,0.2942,0.4011,0.4031,0.3437,0.4161,0.4162,0.421,0.5333,0.5358,0.0764,0.0766,0.3559,0.3587,0.3841,0.4042,0.4002,0.4057,0.4843,0.4822,0.5227,0.5359,0.0725,0.0792,0.3412,0.3427,0.3761,0.3786,0.4124,0.4113,0.4944,0.5029,0.4533,0.4558,0.0772,0.0759,0.2893,0.2843,0.4029,0.4053,0.4047,0.422,0.558,0.5589,0.4614,0.542,0.0732,0.0795,0.3588,0.3636,0.4002,0.4052,0.4918,0.4926,0.5254,0.5189,0.5913,0.5477,0.0793,0.0766,0.3383,0.332,0.3496,0.3501,0.4272,0.4293,0.4915,0.4975,0.5995,0.5521,0.0745,0.0794,0.0782,0.0832,0.0776,0.0791,0.0779,0.0777,0.0806,0.0793,0.0792,0.0806,0.0781
35101s,29.0 °C,0.0726,0.0738,0.0741,0.0734,0.0736,0.0727,0.0722,0.0732,0.073,0.0736,0.0728,0.0715,0.0795,0.2962,0.3017,0.4093,0.4126,0.3536,0.4286,0.4254,0.427,0.5488,0.5494,0.0769,0.0743,0.3635,0.3654,0.3931,0.4115,0.4142,0.4162,0.4995,0.5007,0.5378,0.5456,0.0726,0.0792,0.3492,0.3507,0.3841,0.3874,0.43,0.4227,0.5054,0.5128,0.4696,0.4645,0.0764,0.0782,0.2931,0.2909,0.4119,0.4143,0.4091,0.4297,0.5628,0.5651,0.4771,0.5676,0.073,0.0796,0.368,0.3735,0.4209,0.4149,0.5072,0.5056,0.5411,0.5336,0.6038,0.5676,0.0809,0.0827,0.3439,0.3393,0.3568,0.3605,0.4347,0.436,0.5018,0.5051,0.6078,0.5694,0.0745,0.0793,0.0787,0.0834,0.079,0.0793,0.078,0.0779,0.0815,0.0793,0.0795,0.0804,0.0773
36001s,29.1 °C,0.0724,0.0736,0.0732,0.0733,0.0736,0.0726,0.0719,0.073,0.0729,0.0735,0.0726,0.0713,0.0793,0.3032,0.3064,0.4165,0.4218,0.3634,0.4371,0.431,0.4323,0.5611,0.5619,0.0781,0.077,0.3684,0.3693,0.3999,0.4255,0.4221,0.4275,0.5166,0.5147,0.5529,0.5582,0.0726,0.0794,0.3568,0.3602,0.3922,0.3968,0.4387,0.4329,0.5148,0.525,0.494,0.4775,0.0773,0.0752,0.2985,0.2957,0.4218,0.4236,0.4131,0.4374,0.5935,0.5933,0.4955,0.5791,0.0731,0.0797,0.382,0.3802,0.4246,0.4301,0.5262,0.5165,0.5543,0.5468,0.616,0.5824,0.0808,0.0773,0.3525,0.3462,0.3659,0.3693,0.4457,0.447,0.5121,0.5177,0.6242,0.5882,0.0745,0.0812,0.0784,0.0832,0.0778,0.079,0.078,0.0778,0.0811,0.0792,0.0793,0.0802,0.0852
36901s,29.0 °C,0.0725,0.0736,0.074,0.0735,0.0736,0.0728,0.072,0.073,0.0731,0.0734,0.0728,0.0715,0.0793,0.3119,0.3146,0.427,0.4306,0.3745,0.4516,0.4444,0.4363,0.5719,0.5753,0.0762,0.0776,0.375,0.3751,0.4081,0.4318,0.4255,0.4386,0.5346,0.5312,0.5748,0.5727,0.073,0.0795,0.3644,0.3693,0.4018,0.4038,0.4478,0.446,0.5241,0.5356,0.5134,0.4883,0.0767,0.0754,0.3041,0.3012,0.432,0.4332,0.42,0.441,0.6172,0.6107,0.5164,0.5915,0.0732,0.0797,0.3881,0.3897,0.4366,0.4383,0.543,0.5217,0.5746,0.5648,0.638,0.5958,0.0835,0.0793,0.3595,0.3541,0.3714,0.3821,0.4575,0.4574,0.5261,0.5325,0.6409,0.6083,0.075,0.0792,0.0785,0.0833,0.0781,0.0785,0.078,0.0776,0.0815,0.0791,0.079,0.0801,0.0818
37801s,29.0 °C,0.0725,0.0739,0.0741,0.0734,0.0736,0.0727,0.0722,0.0731,0.073,0.0735,0.0727,0.0715,0.079,0.321,0.3212,0.436,0.4411,0.382,0.4594,0.4452,0.4428,0.5817,0.5859,0.0749,0.0777,0.38,0.3811,0.4161,0.4406,0.4358,0.4482,0.5457,0.5459,0.5937,0.5844,0.0726,0.0792,0.3728,0.3783,0.4108,0.4135,0.4601,0.4614,0.5374,0.5457,0.5415,0.5018,0.0766,0.0749,0.31,0.3065,0.4435,0.4441,0.4246,0.4422,0.633,0.6346,0.5373,0.6054,0.0729,0.0798,0.396,0.3985,0.4489,0.4519,0.5543,0.5451,0.585,0.5844,0.6422,0.6155,0.0809,0.075,0.367,0.3587,0.3798,0.3933,0.4691,0.4691,0.5427,0.5498,0.6531,0.6193,0.0749,0.0789,0.0792,0.0833,0.0786,0.0792,0.0786,0.0781,0.0815,0.0795,0.0798,0.0802,0.0815
38701s,29.1 °C,0.0727,0.0737,0.0738,0.0735,0.0737,0.0726,0.0721,0.0732,0.073,0.0736,0.073,0.0715,0.079,0.3289,0.3306,0.4425,0.4504,0.391,0.4668,0.4609,0.4523,0.5954,0.5938,0.076,0.0765,0.3867,0.386,0.4241,0.4486,0.4417,0.4591,0.5547,0.5564,0.6047,0.5903,0.0729,0.0795,0.3807,0.3871,0.4214,0.4201,0.4723,0.4684,0.5499,0.559,0.5567,0.516,0.0754,0.0769,0.317,0.3132,0.4538,0.4542,0.4326,0.4516,0.6399,0.6399,0.5636,0.6241,0.0731,0.0798,0.4059,0.4065,0.4613,0.4665,0.5576,0.5516,0.601,0.6102,0.6676,0.6246,0.0801,0.082,0.3728,0.365,0.3895,0.4086,0.4787,0.4799,0.5568,0.5637,0.6646,0.6371,0.0752,0.0797,0.0793,0.0836,0.0782,0.0798,0.0784,0.0784,0.0812,0.0797,0.0807,0.0808,0.0807
39601s,28.9 °C,0.0727,0.0738,0.0742,0.0735,0.0737,0.0727,0.0721,0.0732,0.0731,0.0736,0.0727,0.0714,0.0793,0.3369,0.3377,0.4563,0.4646,0.3955,0.4743,0.467,0.4684,0.5978,0.6059,0.0771,0.0766,0.3922,0.389,0.4336,0.4664,0.4527,0.4719,0.5749,0.5725,0.6269,0.6047,0.0727,0.0795,0.3897,0.3964,0.431,0.4328,0.4871,0.4817,0.5624,0.57,0.5744,0.5325,0.0766,0.0745,0.323,0.3184,0.467,0.4675,0.4459,0.4551,0.6601,0.655,0.5947,0.6316,0.0729,0.0804,0.4145,0.4176,0.4735,0.4764,0.5694,0.5916,0.6256,0.6124,0.6615,0.6409,0.0854,0.0841,0.378,0.3713,0.3958,0.4244,0.491,0.4923,0.5688,0.5755,0.6751,0.6438,0.0749,0.0796,0.0784,0.0831,0.0773,0.079,0.0773,0.0778,0.0819,0.0792,0.0793,0.0803,0.075
40501s,28.8 °C,0.0726,0.0737,0.0739,0.0733,0.0738,0.0728,0.0721,0.0732,0.073,0.0735,0.0728,0.0715,0.0794,0.3449,0.3448,0.4637,0.4723,0.4017,0.4856,0.486,0.4733,0.61,0.6118,0.0758,0.0743,0.3976,0.392,0.4438,0.4695,0.4579,0.478,0.5817,0.5866,0.6341,0.6223,0.0726,0.0795,0.4003,0.4058,0.4432,0.4427,0.4948,0.4919,0.5791,0.5828,0.5887,0.543,0.0789,0.0783,0.329,0.3243,0.4781,0.4842,0.4549,0.4683,0.6711,0.6659,0.6073,0.652,0.0727,0.0798,0.4233,0.4262,0.4842,0.488,0.5787,0.5984,0.6447,0.6315,0.667,0.6487,0.0808,0.0784,0.3851,0.3795,0.4067,0.4331,0.5028,0.5051,0.5809,0.5887,0.6839,0.6552,0.0751,0.0792,0.0789,0.0828,0.0775,0.0786,0.0776,0.0778,0.0823,0.0792,0.0797,0.0804,0.0758
41401s,28.9 °C,0.0727,0.0737,0.0739,0.0735,0.0739,0.0728,0.072,0.0733,0.0731,0.0736,0.0728,0.0715,0.0797,0.3522,0.353,0.4736,0.4795,0.4133,0.4919,0.4889,0.4857,0.6167,0.6214,0.0749,0.0781,0.4028,0.3967,0.4522,0.4769,0.4722,0.4932,0.5926,0.5944,0.6531,0.6266,0.0726,0.0794,0.4098,0.4149,0.4551,0.4543,0.5064,0.5029,0.5856,0.5912,0.5989,0.5595,0.0777,0.0763,0.3358,0.3333,0.4911,0.4916,0.4723,0.4798,0.6764,0.6722,0.6239,0.6593,0.073,0.0797,0.4331,0.4355,0.4982,0.4951,0.5921,0.6237,0.6507,0.6452,0.6742,0.6699,0.0764,0.0774,0.3961,0.3891,0.4147,0.4374,0.5146,0.5173,0.5956,0.6024,0.6936,0.6682,0.0751,0.0869,0.0788,0.0837,0.0781,0.0785,0.0781,0.078,0.0828,0.0794,0.0792,0.0803,0.0811
42301s,29.1 °C,0.0727,0.0737,0.0741,0.0734,0.0737,0.0727,0.072,0.073,0.073,0.0734,0.0727,0.0713,0.0791,0.3594,0.3596,0.4809,0.4907,0.4224,0.5014,0.4968,0.4967,0.6304,0.6291,0.0767,0.0747,0.4088,0.4009,0.4631,0.4891,0.4742,0.5008,0.6049,0.6093,0.664,0.6419,0.0725,0.0793,0.4184,0.424,0.4661,0.4662,0.5187,0.5144,0.6009,0.6034,0.6126,0.5545,0.077,0.0762,0.3413,0.3391,0.5031,0.5025,0.4863,0.4942,0.7006,0.699,0.6363,0.6814,0.0728,0.0798,0.4411,0.4461,0.5091,0.5049,0.5995,0.6392,0.6659,0.6508,0.6899,0.6769,0.0809,0.0817,0.4017,0.398,0.4228,0.4475,0.5249,0.5284,0.6082,0.6131,0.7059,0.6823,0.0752,0.0803,0.0788,0.0834,0.078,0.0785,0.0778,0.0777,0.0824,0.0788,0.0795,0.0805,0.0863
43201s,28.9 °C,0.0728,0.0735,0.0742,0.0733,0.0736,0.0726,0.072,0.0731,0.073,0.0734,0.0727,0.0713,0.0792,0.3658,0.3664,0.4914,0.4998,0.4281,0.5098,0.5107,0.5076,0.6431,0.6403,0.0754,0.0747,0.4129,0.4055,0.4707,0.4967,0.4856,0.5116,0.6157,0.624,0.6778,0.66,0.0725,0.0794,0.4282,0.4337,0.4761,0.4775,0.5287,0.524,0.6126,0.6159,0.6251,0.5824,0.0773,0.0771,0.3482,0.3451,0.519,0.5135,0.4997,0.5101,0.7032,0.7075,0.6607,0.7039,0.0731,0.08,0.4516,0.4566,0.5237,0.5206,0.6135,0.652,0.6806,0.662,0.6915,0.6932,0.0805,0.0829,0.4107,0.4085,0.4302,0.4568,0.5352,0.5401,0.618,0.6234,0.716,0.6984,0.0756,0.0819,0.0785,0.083,0.0775,0.0787,0.0779,0.0779,0.0806,0.0788,0.0794,0.08,0.0807
44101s,28.9 °C,0.0726,0.0734,0.0736,0.0734,0.0737,0.0728,0.072,0.0731,0.073,0.0735,0.0727,0.0713,0.08,0.3705,0.3729,0.4987,0.5092,0.437,0.5211,0.5242,0.52,0.6531,0.6488,0.0765,0.0752,0.4154,0.4113,0.4797,0.5083,0.4946,0.5227,0.6346,0.6378,0.6877,0.6686,0.0726,0.0798,0.4359,0.4426,0.4883,0.4903,0.5376,0.534,0.6287,0.6281,0.6352,0.6045,0.0767,0.0764,0.3556,0.3524,0.5257,0.5243,0.5105,0.5203,0.7246,0.7217,0.6622,0.7172,0.0731,0.0803,0.4617,0.4674,0.5314,0.5304,0.625,0.6592,0.69,0.6749,0.6995,0.7051,0.0775,0.0797,0.4215,0.4198,0.4406,0.467,0.5461,0.5509,0.6321,0.6379,0.73,0.7102,0.0751,0.1004,0.08,0.0834,0.0786,0.079,0.0788,0.0785,0.0817,0.0798,0.0799,0.0809,0.0879
45001s,29.2 °C,0.0726,0.0737,0.0743,0.0733,0.0736,0.0728,0.072,0.0731,0.0731,0.0736,0.0729,0.0713,0.0795,0.3761,0.3772,0.5058,0.5165,0.4439,0.5306,0.537,0.5306,0.6622,0.6606,0.0763,0.0757,0.4181,0.4149,0.4881,0.5139,0.5031,0.5293,0.6404,0.6446,0.689,0.6806,0.0725,0.0798,0.4429,0.4508,0.5013,0.5,0.5462,0.5435,0.6381,0.641,0.64,0.5997,0.0804,0.0787,0.3634,0.3589,0.5386,0.5329,0.5204,0.5304,0.7304,0.7288,0.6724,0.723,0.0728,0.0798,0.4721,0.4759,0.5408,0.5344,0.6386,0.6728,0.6971,0.6822,0.7141,0.7211,0.0752,0.0774,0.4347,0.4333,0.4461,0.4779,0.5574,0.5618,0.6412,0.6495,0.7411,0.7126,0.0755,0.0941,0.0792,0.0839,0.0791,0.0797,0.0787,0.079,0.0822,0.0803,0.0799,0.0808,0.0826
45901s,29.0 °C,0.0727,0.0738,0.0741,0.0733,0.0735,0.0728,0.0719,0.073,0.0729,0.0733,0.0726,0.0713,0.0793,0.3819,0.3849,0.5153,0.5249,0.4517,0.5397,0.5602,0.5398,0.6739,0.6757,0.0776,0.0776,0.4223,0.4216,0.5004,0.5252,0.5067,0.5358,0.6452,0.6586,0.7013,0.6907,0.0726,0.0795,0.4505,0.4571,0.5137,0.5108,0.5543,0.5536,0.6458,0.6532,0.6501,0.6048,0.0755,0.0787,0.3702,0.3671,0.5458,0.5395,0.5315,0.541,0.7441,0.7301,0.6816,0.7356,0.0731,0.0803,0.4818,0.4843,0.5492,0.5363,0.6406,0.6826,0.7016,0.6886,0.7171,0.7288,0.0771,0.0799,0.4531,0.4504,0.4592,0.4845,0.5659,0.5714,0.6523,0.6618,0.7531,0.7335,0.0752,0.1188,0.0798,0.0838,0.0787,0.0795,0.0792,0.0788,0.0821,0.08,0.0801,0.0809,0.0814
46801s,29.1 °C,0.0727,0.0736,0.0742,0.0732,0.0735,0.0726,0.072,0.073,0.0729,0.0737,0.0728,0.0713,0.0792,0.3879,0.3899,0.5229,0.533,0.4621,0.5477,0.5612,0.5509,0.6863,0.6859,0.0801,0.0742,0.4289,0.4255,0.5036,0.532,0.5168,0.5485,0.6629,0.6687,0.7139,0.7028,0.0728,0.0796,0.4575,0.464,0.5232,0.5231,0.5665,0.5602,0.6628,0.6705,0.6607,0.6283,0.076,0.0766,0.3778,0.3754,0.5523,0.5569,0.5437,0.551,0.753,0.7496,0.6948,0.7466,0.073,0.0801,0.4904,0.4971,0.5585,0.5481,0.6614,0.684,0.7216,0.7039,0.7209,0.7401,0.0801,0.0888,0.4637,0.4648,0.4701,0.4993,0.5757,0.5807,0.6629,0.6711,0.7604,0.7378,0.0759,0.0789,0.079,0.0833,0.078,0.079,0.0783,0.0782,0.0816,0.0795,0.0796,0.0803,0.0798
47701s,29.1 °C,0.0726,0.0733,0.0733,0.0734,0.0736,0.0729,0.0721,0.0732,0.0731,0.0735,0.0729,0.0714,0.0802,0.3933,0.3956,0.5301,0.5404,0.4682,0.5572,0.5718,0.5658,0.6959,0.69,0.0766,0.0777,0.4313,0.4321,0.5153,0.5384,0.5197,0.5523,0.6694,0.6771,0.7188,0.7061,0.0728,0.0799,0.4651,0.4722,0.5332,0.531,0.5713,0.5695,0.6791,0.6842,0.6615,0.6266,0.0789,0.0769,0.3891,0.3837,0.5596,0.5565,0.551,0.5609,0.7601,0.7546,0.7026,0.7588,0.0731,0.0804,0.498,0.5031,0.5613,0.5538,0.6653,0.6948,0.7246,0.7243,0.736,0.763,0.0779,0.0785,0.4777,0.4811,0.4748,0.5029,0.583,0.5893,0.6749,0.6851,0.7719,0.7584,0.076,0.0808,0.0794,0.0834,0.0783,0.0795,0.0789,0.0787,0.082,0.0801,0.08,0.0811,0.0753
48601s,29.0 °C,0.0727,0.0736,0.0744,0.0733,0.0737,0.0728,0.072,0.0731,0.0731,0.0735,0.0728,0.0713,0.0794,0.4005,0.4026,0.5384,0.5467,0.4777,0.5794,0.5828,0.5768,0.7103,0.7047,0.0772,0.0747,0.4376,0.4385,0.5231,0.5482,0.5266,0.5608,0.6755,0.6957,0.734,0.7203,0.0727,0.0797,0.472,0.48,0.5429,0.5404,0.5786,0.5787,0.6897,0.6938,0.6863,0.6412,0.0808,0.076,0.3935,0.3939,0.5691,0.5684,0.5622,0.573,0.7754,0.7557,0.7089,0.7595,0.0735,0.0799,0.5177,0.5112,0.5744,0.5626,0.6776,0.7067,0.7372,0.7373,0.7429,0.7589,0.0787,0.0774,0.493,0.4963,0.4873,0.515,0.5933,0.5977,0.6841,0.6962,0.7822,0.7727,0.0761,0.0795,0.0793,0.0834,0.0776,0.0785,0.0785,0.0781,0.0815,0.0794,0.0799,0.0807,0.088
49501s,29.0 °C,0.0727,0.074,0.0742,0.0733,0.0736,0.0727,0.0719,0.0731,0.0729,0.0734,0.0726,0.0713,0.0797,0.4097,0.4121,0.5432,0.5548,0.4862,0.5874,0.5946,0.5896,0.7132,0.7107,0.0772,0.0768,0.4419,0.4443,0.5261,0.5524,0.5378,0.5709,0.6888,0.6947,0.747,0.7282,0.0724,0.0798,0.4788,0.4871,0.5519,0.5562,0.585,0.5855,0.7022,0.7079,0.6883,0.6693,0.0773,0.0766,0.4021,0.402,0.5729,0.5793,0.5626,0.58,0.7812,0.7781,0.7222,0.7814,0.073,0.0803,0.5286,0.5228,0.5821,0.5737,0.6866,0.7189,0.7498,0.7479,0.7566,0.7778,0.0756,0.0771,0.507,0.5124,0.5008,0.5164,0.6025,0.6093,0.6942,0.7062,0.7885,0.7777,0.0763,0.106,0.0792,0.0836,0.0779,0.0795,0.0788,0.0784,0.0812,0.0793,0.0802,0.0803,0.0796
50401s,29.0 °C,0.0729,0.0735,0.0744,0.0733,0.0739,0.0727,0.072,0.0731,0.073,0.0736,0.0727,0.0715,0.0791,0.4147,0.4162,0.5508,0.5641,0.4931,0.5921,0.6059,0.6003,0.7245,0.7208,0.0759,0.078,0.4452,0.4502,0.5327,0.5594,0.543,0.5797,0.7024,0.7031,0.7485,0.7314,0.0727,0.0795,0.4846,0.4932,0.5626,0.5659,0.5934,0.5936,0.7129,0.7205,0.6986,0.6747,0.0766,0.0769,0.4093,0.4094,0.5773,0.5821,0.5696,0.5843,0.7955,0.7914,0.7294,0.7938,0.073,0.0803,0.5342,0.5427,0.5841,0.5792,0.6963,0.7249,0.7607,0.764,0.7711,0.7973,0.0805,0.0772,0.5217,0.5291,0.5099,0.5219,0.61,0.6167,0.7074,0.7191,0.7971,0.7946,0.0764,0.0893,0.0795,0.0834,0.0782,0.0789,0.0791,0.0788,0.0812,0.0795,0.0795,0.0805,0.0894
51301s,29.1 °C,0.0727,0.0737,0.0742,0.0733,0.0736,0.0726,0.0719,0.073,0.0729,0.0732,0.0727,0.0715,0.0794,0.4197,0.4229,0.5687,0.5775,0.5195,0.6011,0.6192,0.6152,0.7302,0.7369,0.0778,0.0751,0.45,0.453,0.5451,0.5689,0.5453,0.598,0.7087,0.7167,0.7565,0.7444,0.0727,0.0803,0.4918,0.5017,0.5758,0.5741,0.5956,0.6022,0.7252,0.7329,0.7087,0.662,0.0762,0.0785,0.4166,0.4179,0.586,0.5878,0.5931,0.6044,0.8005,0.7765,0.7313,0.7948,0.0731,0.0803,0.541,0.5469,0.5987,0.585,0.7058,0.7299,0.7651,0.7613,0.7899,0.7806,0.0809,0.084,0.5367,0.5442,0.5195,0.5356,0.6181,0.625,0.7194,0.735,0.8131,0.8055,0.0765,0.0793,0.0791,0.0836,0.0781,0.0796,0.0794,0.0789,0.0816,0.0799,0.08,0.0805,0.0753
52201s,29.0 °C,0.0726,0.0736,0.0739,0.0733,0.0736,0.0728,0.072,0.0731,0.073,0.0734,0.0729,0.0716,0.0796,0.429,0.43,0.5703,0.5817,0.5283,0.6077,0.6433,0.6284,0.7404,0.7409,0.0755,0.0774,0.4514,0.4623,0.5473,0.5756,0.563,0.6082,0.723,0.7262,0.7725,0.7562,0.0729,0.0796,0.4991,0.5079,0.5869,0.5862,0.6096,0.6093,0.7393,0.7457,0.7166,0.7071,0.0777,0.075,0.4219,0.4256,0.5957,0.5975,0.5861,0.6108,0.8064,0.8028,0.7449,0.8047,0.0734,0.0802,0.5489,0.5544,0.6047,0.5943,0.7187,0.7276,0.7746,0.7802,0.7804,0.8043,0.0804,0.0845,0.5551,0.5585,0.5255,0.5356,0.6279,0.6346,0.7315,0.7451,0.8162,0.8084,0.0767,0.0794,0.0794,0.0833,0.0777,0.0792,0.0791,0.0788,0.0817,0.0796,0.0802,0.0808,0.0838
53101s,29.0 °C,0.0727,0.0736,0.074,0.0732,0.0735,0.0725,0.0717,0.073,0.073,0.0734,0.0728,0.0716,0.0793,0.4361,0.4378,0.5771,0.5879,0.5324,0.6142,0.6419,0.6395,0.7447,0.7485,0.0774,0.0783,0.4599,0.4634,0.5658,0.5909,0.5634,0.6081,0.7293,0.7345,0.7745,0.7616,0.0728,0.0799,0.5053,0.515,0.5939,0.5957,0.6118,0.614,0.7533,0.7585,0.7095,0.6788,0.0744,0.0772,0.4293,0.4319,0.5999,0.6043,0.6013,0.6185,0.8152,0.7948,0.7533,0.8067,0.0733,0.0802,0.5563,0.5611,0.6094,0.5996,0.7191,0.7465,0.7929,0.7858,0.7866,0.8114,0.0786,0.0785,0.5673,0.5747,0.5318,0.5541,0.6366,0.6435,0.7421,0.7582,0.8237,0.8139,0.0768,0.0802,0.0799,0.0841,0.078,0.0793,0.0788,0.0789,0.0826,0.0795,0.0797,0.0807,0.0884
54001s,29.0 °C,0.0726,0.0737,0.0739,0.0732,0.0738,0.0729,0.0719,0.0733,0.0731,0.0738,0.0727,0.0716,0.0793,0.4407,0.4416,0.582,0.5921,0.5378,0.6205,0.6536,0.6476,0.761,0.7524,0.0783,0.0742,0.4631,0.4719,0.5737,0.5991,0.5686,0.6191,0.7393,0.7449,0.7866,0.7662,0.073,0.0798,0.5125,0.5218,0.6043,0.6098,0.6207,0.6368,0.7662,0.7721,0.7415,0.7216,0.0759,0.0771,0.4372,0.4376,0.6046,0.6136,0.6074,0.6322,0.8303,0.8232,0.7619,0.831,0.0734,0.0802,0.561,0.5675,0.6162,0.6074,0.7308,0.7565,0.8004,0.7998,0.799,0.8156,0.0807,0.0796,0.5821,0.5894,0.5396,0.5531,0.6454,0.6519,0.7532,0.7706,0.8282,0.8268,0.0766,0.0793,0.0793,0.0835,0.0778,0.079,0.0791,0.0788,0.0813,0.0799,0.0795,0.0801,0.0745
54901s,29.1 °C,0.0727,0.0736,0.0743,0.0731,0.0736,0.0727,0.0719,0.0731,0.0731,0.0735,0.0727,0.0715,0.0791,0.4486,0.4471,0.5924,0.6004,0.5431,0.6287,0.66,0.6599,0.7638,0.7699,0.0763,0.0772,0.4799,0.4774,0.5789,0.6036,0.5727,0.6229,0.7492,0.7534,0.7935,0.7775,0.0728,0.0797,0.5181,0.5291,0.6163,0.619,0.6298,0.6379,0.7802,0.7811,0.7458,0.7202,0.0755,0.0794,0.4481,0.4467,0.6075,0.6162,0.6227,0.6434,0.8305,0.8195,0.7654,0.8191,0.0736,0.0805,0.5698,0.5749,0.6181,0.6127,0.7294,0.7583,0.8103,0.8095,0.8018,0.8222,0.0845,0.0856,0.5941,0.6145,0.5432,0.5571,0.6533,0.66,0.7648,0.7856,0.8397,0.8365,0.0765,0.0794,0.0794,0.0833,0.0784,0.079,0.0795,0.0786,0.0814,0.0794,0.0793,0.0804,0.0787
55801s,29.1 °C,0.0727,0.0736,0.0737,0.0732,0.0735,0.0725,0.0718,0.073,0.073,0.0735,0.0728,0.0713,0.0794,0.4499,0.4516,0.5974,0.6067,0.5508,0.6355,0.6726,0.6709,0.7711,0.7707,0.0752,0.0752,0.4843,0.4825,0.5847,0.6074,0.5787,0.6284,0.7582,0.7665,0.7994,0.7827,0.0729,0.0798,0.5271,0.5349,0.6233,0.6271,0.6367,0.6465,0.7924,0.799,0.7525,0.7104,0.0771,0.0758,0.4519,0.453,0.6176,0.6241,0.6346,0.6495,0.8411,0.8219,0.7706,0.8446,0.073,0.0804,0.5777,0.5833,0.6274,0.6252,0.7461,0.7737,0.8111,0.8202,0.8186,0.8274,0.0806,0.0803,0.6098,0.6246,0.5541,0.5699,0.6614,0.6675,0.7744,0.7953,0.8449,0.8476,0.0768,0.0842,0.0792,0.0833,0.0782,0.079,0.079,0.0789,0.0818,0.0797,0.0796,0.0805,0.084
56701s,29.0 °C,0.0728,0.0736,0.0741,0.0733,0.0737,0.0726,0.0719,0.0732,0.0731,0.0736,0.0727,0.0716,0.0794,0.4576,0.4566,0.6036,0.6131,0.5541,0.6413,0.6805,0.6814,0.7788,0.7852,0.0746,0.0767,0.4919,0.4933,0.5894,0.6146,0.5831,0.6353,0.7688,0.7708,0.8055,0.785,0.0729,0.0799,0.5349,0.5424,0.631,0.6346,0.6385,0.6518,0.8062,0.8111,0.7632,0.7229,0.0789,0.078,0.4625,0.4597,0.6232,0.6273,0.6414,0.6542,0.8432,0.8279,0.7705,0.8521,0.0736,0.0799,0.5848,0.589,0.6292,0.6298,0.7552,0.7745,0.8215,0.8198,0.8255,0.8394,0.0762,0.0789,0.6187,0.6401,0.5558,0.5695,0.6687,0.6745,0.7856,0.8118,0.8526,0.8486,0.0776,0.0837,0.0797,0.0838,0.0788,0.0791,0.0792,0.0789,0.0815,0.0795,0.0793,0.0805,0.0896
57601s,28.9 °C,0.0726,0.0736,0.0738,0.0734,0.0738,0.0728,0.0719,0.0731,0.073,0.0738,0.0729,0.0715,0.0798,0.4621,0.4632,0.6107,0.6187,0.5655,0.6468,0.6952,0.689,0.7848,0.7898,0.0787,0.0759,0.4971,0.5026,0.5967,0.6196,0.5921,0.6405,0.7785,0.7734,0.8191,0.8009,0.0726,0.0802,0.5392,0.5515,0.64,0.6449,0.647,0.6583,0.8171,0.8225,0.7556,0.7371,0.0796,0.0774,0.4687,0.4682,0.6283,0.6318,0.6531,0.6691,0.8637,0.8478,0.7883,0.8591,0.0733,0.0803,0.5914,0.5961,0.636,0.6334,0.7563,0.7868,0.8312,0.8282,0.8241,0.8451,0.0862,0.0776,0.6301,0.6514,0.5658,0.5786,0.6753,0.6896,0.7963,0.8243,0.8577,0.8575,0.0775,0.0794,0.0793,0.0832,0.079,0.0793,0.0791,0.0787,0.0817,0.0797,0.0799,0.0812,0.0809
58501s,29.2 °C,0.0727,0.0735,0.0741,0.0732,0.0736,0.0726,0.0718,0.0732,0.0731,0.0734,0.0727,0.0716,0.0795,0.469,0.4692,0.6164,0.6235,0.5682,0.6531,0.7029,0.7011,0.7902,0.784,0.0736,0.0773,0.5046,0.5063,0.6022,0.6277,0.5916,0.6464,0.7865,0.7859,0.8194,0.7985,0.0728,0.08,0.5458,0.5565,0.6518,0.6555,0.6461,0.667,0.8285,0.8381,0.7888,0.7307,0.0802,0.0785,0.4773,0.477,0.6354,0.638,0.672,0.6807,0.8616,0.8474,0.788,0.8635,0.0733,0.0803,0.5994,0.6036,0.6424,0.6399,0.7642,0.795,0.8388,0.829,0.8371,0.8539,0.076,0.0789,0.6351,0.6575,0.5679,0.5877,0.6831,0.6944,0.8073,0.8371,0.8659,0.8627,0.0776,0.0806,0.0791,0.0837,0.0786,0.0791,0.0788,0.0789,0.082,0.0794,0.0793,0.0805,0.084
59401s,28.9 °C,0.0726,0.0736,0.074,0.0732,0.0736,0.0725,0.0718,0.0731,0.073,0.0732,0.0727,0.0714,0.0791,0.4736,0.4728,0.6233,0.6314,0.5774,0.659,0.7109,0.7124,0.8047,0.8013,0.0767,0.0783,0.5112,0.5168,0.6118,0.6353,0.6001,0.652,0.7952,0.7939,0.8293,0.8068,0.0729,0.0798,0.5508,0.5627,0.6566,0.6614,0.6559,0.6696,0.8396,0.8492,0.7849,0.7359,0.0821,0.0837,0.4847,0.4848,0.6399,0.6423,0.6756,0.6876,0.856,0.856,0.7917,0.8633,0.0733,0.08,0.6069,0.6103,0.649,0.6429,0.7692,0.802,0.8435,0.8373,0.8414,0.859,0.0805,0.0769,0.6413,0.6654,0.5777,0.5924,0.6907,0.7037,0.8183,0.8487,0.8694,0.8629,0.0773,0.1127,0.0791,0.0835,0.0781,0.0789,0.0789,0.0788,0.0813,0.0788,0.0793,0.0807,0.0832
60301s,28.9 °C,0.0728,0.0735,0.0742,0.0734,0.0738,0.0728,0.072,0.0732,0.073,0.0735,0.0729,0.0716,0.0796,0.4813,0.4809,0.632,0.6392,0.5848,0.6656,0.7196,0.7189,0.812,0.8104,0.0747,0.0761,0.5177,0.5229,0.6149,0.6414,0.6099,0.6609,0.8054,0.799,0.8362,0.8122,0.0729,0.0796,0.5605,0.5702,0.6623,0.6722,0.66,0.6785,0.8541,0.8663,0.7857,0.7664,0.0766,0.0758,0.4922,0.492,0.6484,0.6507,0.6699,0.687,0.8586,0.8689,0.8061,0.8856,0.0733,0.0804,0.6149,0.6184,0.6544,0.6444,0.7766,0.8024,0.8572,0.8486,0.8575,0.8796,0.0801,0.0785,0.653,0.6778,0.5774,0.594,0.698,0.7122,0.8288,0.8646,0.8726,0.8795,0.0786,0.0812,0.0795,0.084,0.0784,0.079,0.0792,0.0792,0.082,0.0798,0.0799,0.0809,0.0868
61201s,29.2 °C,0.0727,0.0737,0.0735,0.0733,0.0737,0.0726,0.0719,0.0731,0.073,0.0735,0.0726,0.0715,0.0793,0.4858,0.4826,0.6365,0.6431,0.5897,0.6705,0.7296,0.7412,0.8141,0.8168,0.0768,0.0748,0.5228,0.5287,0.6219,0.6463,0.6118,0.6658,0.811,0.8083,0.8443,0.8172,0.0726,0.0799,0.5689,0.5777,0.6686,0.6713,0.6658,0.6843,0.8647,0.8729,0.8011,0.7439,0.0861,0.0769,0.5015,0.5054,0.6532,0.6552,0.6831,0.7011,0.8667,0.8686,0.8076,0.8777,0.073,0.0803,0.6206,0.6254,0.659,0.6524,0.7838,0.8086,0.8579,0.8508,0.8511,0.8758,0.0807,0.0754,0.6537,0.6842,0.5848,0.5983,0.7037,0.7184,0.8373,0.8735,0.8746,0.8747,0.079,0.1129,0.0794,0.0833,0.0782,0.0794,0.0791,0.0792,0.0816,0.0796,0.0795,0.081,0.0723
62101s,29.0 °C,0.0727,0.0736,0.0742,0.0734,0.0738,0.0728,0.0719,0.0731,0.0731,0.0735,0.0728,0.0716,0.0798,0.505,0.4902,0.6406,0.6521,0.5986,0.678,0.7383,0.7402,0.8251,0.8179,0.0778,0.0777,0.5267,0.5355,0.6276,0.655,0.6173,0.6735,0.819,0.8098,0.8407,0.824,0.0728,0.0799,0.5762,0.5852,0.6744,0.6813,0.6714,0.6879,0.8764,0.888,0.8176,0.759,0.074,0.079,0.5082,0.5141,0.6599,0.6628,0.7024,0.7089,0.8788,0.878,0.8185,0.8897,0.0728,0.0801,0.6271,0.6336,0.6687,0.6596,0.7937,0.8099,0.8637,0.8564,0.8611,0.8946,0.0811,0.0774,0.6661,0.6966,0.5888,0.6055,0.7128,0.7293,0.8471,0.8841,0.8803,0.8819,0.0782,0.1118,0.0791,0.0836,0.078,0.0795,0.0793,0.0794,0.0821,0.0799,0.0795,0.081,0.0744
63001s,29.1 °C,0.0728,0.0737,0.0738,0.0733,0.0738,0.0726,0.0718,0.0731,0.073,0.0735,0.0727,0.0715,0.0797,0.5109,0.4956,0.6479,0.6548,0.6045,0.6802,0.7483,0.7463,0.8285,0.8289,0.0727,0.0773,0.5364,0.5428,0.634,0.661,0.622,0.6776,0.8255,0.8189,0.8585,0.8385,0.0729,0.0796,0.583,0.5936,0.6863,0.69,0.676,0.6951,0.8885,0.8975,0.8013,0.7876,0.0787,0.0762,0.5189,0.5237,0.663,0.6671,0.6992,0.7156,0.8821,0.878,0.8196,0.8843,0.0732,0.0808,0.6357,0.6402,0.6696,0.6632,0.7935,0.8232,0.8775,0.8627,0.8661,0.89,0.0812,0.0795,0.6751,0.7035,0.5948,0.6081,0.7187,0.7354,0.8572,0.8952,0.8872,0.8892,0.078,0.1565,0.0798,0.0835,0.0776,0.0792,0.0788,0.0791,0.0827,0.0803,0.0795,0.0809,0.0817
63901s,29.1 °C,0.0728,0.0737,0.0741,0.0733,0.0739,0.0726,0.0719,0.0732,0.0731,0.0735,0.0728,0.0716,0.0793,0.5131,0.5151,0.6522,0.6617,0.6089,0.6858,0.7591,0.7561,0.8248,0.8304,0.0797,0.0752,0.5393,0.5486,0.6396,0.6611,0.6292,0.6865,0.8314,0.8259,0.8587,0.8381,0.0732,0.0797,0.5889,0.5989,0.6913,0.6984,0.6843,0.7006,0.9011,0.9129,0.8045,0.7684,0.079,0.0808,0.5255,0.5305,0.6702,0.6764,0.7144,0.7233,0.8887,0.8876,0.828,0.8963,0.0732,0.0804,0.6428,0.6505,0.6784,0.6688,0.7991,0.8316,0.885,0.8714,0.8688,0.8914,0.0822,0.0782,0.6807,0.7147,0.5984,0.6158,0.7264,0.7429,0.866,0.9047,0.8908,0.9089,0.0791,0.0942,0.0793,0.0835,0.0775,0.0793,0.0795,0.0794,0.081,0.0803,0.0798,0.0809,0.0741
64801s,29.0 °C,0.0728,0.0736,0.0745,0.0733,0.0737,0.0726,0.072,0.0731,0.073,0.0734,0.0729,0.0716,0.0796,0.5173,0.5215,0.659,0.6683,0.6173,0.6905,0.7691,0.7643,0.8375,0.8371,0.08,0.0749,0.5437,0.5538,0.6462,0.6691,0.6334,0.6862,0.8367,0.8313,0.8628,0.8449,0.0728,0.0798,0.5966,0.6086,0.7043,0.706,0.6903,0.7046,0.9114,0.9233,0.8119,0.7903,0.0779,0.0772,0.5372,0.5385,0.6704,0.6774,0.7106,0.728,0.8855,0.8902,0.8368,0.895,0.0732,0.0806,0.6482,0.6535,0.6819,0.6766,0.8068,0.8303,0.8897,0.8781,0.8737,0.9088,0.0812,0.0779,0.6873,0.7207,0.5995,0.6202,0.7333,0.7506,0.8749,0.9149,0.8939,0.9174,0.0789,0.1535,0.0793,0.0832,0.0781,0.0798,0.0795,0.0795,0.0823,0.0805,0.0802,0.0806,0.0772
Date of measurement: 2019-09-05/Time of measurement: 18:26:23,,,,,,,,,,,,,,,,,,,,,,,,,,,,,,,,,,,,,,,,,,,,,,,,,,,,,,,,,,,,,,,,,,,,,,,,,,,,,,,,,,,,,,,,,,,,,,,,,
